{
  "openapi": "3.0.0",
  "info": {
    "title": "API de Clima y Planetas Star Wars",
    "version": "1.0.0",
    "description": "API desarrollada por Gianpiero Benvenuto que combina datos de la Star Wars API (SWAPI) y OpenWeatherMap, con capacidad de almacenamiento y consulta de planetas personalizados en DynamoDB.",
    "contact": {
      "name": "Gianpiero Benvenuto",
      "url": "https://github.com/gianpierobenvenuto"
    }
  },
  "servers": [
    {
      "url": "https://pi6undhnwe.execute-api.us-east-1.amazonaws.com/dev",
      "description": "Entorno de desarrollo"
    }
  ],
  "tags": [
    {
      "name": "Planetas",
      "description": "Operaciones para consultar y almacenar información de planetas"
    },
    {
      "name": "Historial",
      "description": "Consulta de registros históricos de planetas fusionados"
    }
  ],
  "security": [
    {
      "BearerAuth": []
    }
  ],
  "paths": {
    "/almacenar": {
      "post": {
        "tags": ["Planetas"],
        "security": [{ "BearerAuth": [] }],
        "summary": "Almacenar planetas personalizados",
        "description": "Guarda un planeta con datos manuales e incorpora información climática basada en su ubicación.",
        "requestBody": {
          "description": "Payload con los datos del planeta a almacenar",
          "required": true,
          "content": {
            "application/json": {
              "schema": { "$ref": "#/components/schemas/AlmacenarRequest" },
              "example": {
                "id": "tatooine-123",
                "planetName": "Tatooine",
                "climate": "arid",
                "population": "200000"
              }
            }
          }
        },
        "responses": {
          "201": {
            "description": "Planeta almacenado con éxito",
            "content": {
              "application/json": {
                "schema": { "$ref": "#/components/schemas/AlmacenarResponse" }
              }
            }
          },
          "400": {
            "description": "Solicitud incorrecta (datos inválidos)",
            "content": {
              "application/json": {
                "schema": { "$ref": "#/components/schemas/BadRequestError" }
              }
            }
          },
          "401": {
            "description": "No autorizado (token faltante o inválido)",
            "content": {
              "application/json": {
                "schema": { "$ref": "#/components/schemas/UnauthorizedError" }
              }
            }
          }
        }
      }
    },
    "/fusionados": {
      "get": {
        "tags": ["Planetas"],
        "security": [{ "BearerAuth": [] }],
        "summary": "Obtener datos fusionados de un planeta",
        "description": "Devuelve información combinada de SWAPI (o caché) y datos meteorológicos para un planeta dado.",
        "parameters": [
          {
            "name": "planeta",
            "in": "query",
            "required": true,
            "schema": { "type": "string", "minLength": 1 },
            "description": "Nombre del planeta (no sensible a mayúsculas)"
          }
        ],
        "responses": {
          "200": {
            "description": "Datos fusionados obtenidos satisfactoriamente",
            "content": {
              "application/json": {
                "schema": { "$ref": "#/components/schemas/FusionadosResponse" }
              }
            }
          },
          "400": {
            "description": "Parámetros de consulta inválidos",
            "content": {
              "application/json": {
                "schema": { "$ref": "#/components/schemas/BadRequestError" }
              }
            }
          },
          "401": {
            "description": "No autorizado (token faltante o inválido)",
            "content": {
              "application/json": {
                "schema": { "$ref": "#/components/schemas/UnauthorizedError" }
              }
            }
          },
          "404": {
            "description": "Planeta no encontrado",
            "content": {
              "application/json": {
                "schema": { "$ref": "#/components/schemas/NotFoundError" }
              }
            }
          },
          "500": {
            "description": "Error interno del servidor",
            "content": {
              "application/json": {
                "schema": { "$ref": "#/components/schemas/InternalServerError" }
              }
            }
          }
        }
      }
    },
    "/historial": {
      "get": {
        "tags": ["Historial"],
        "security": [{ "BearerAuth": [] }],
        "summary": "Consultar historial de consultas fusionadas",
        "description": "Obtiene registros históricos ordenados de manera inversa (más recientes primero), con soporte de paginación.",
        "parameters": [
          {
            "name": "limit",
            "in": "query",
            "schema": { "type": "integer", "minimum": 1, "default": 10 },
            "description": "Cantidad máxima de registros a devolver"
          },
          {
            "name": "lastKey",
            "in": "query",
            "schema": { "type": "string" },
            "description": "Cursor para paginación (clave codificada)"
          }
        ],
        "responses": {
          "200": {
            "description": "Historial obtenido exitosamente",
            "content": {
              "application/json": {
                "schema": { "$ref": "#/components/schemas/HistorialResponse" }
              }
            }
          },
          "400": {
            "description": "Parámetros de paginación inválidos",
            "content": {
              "application/json": {
                "schema": { "$ref": "#/components/schemas/BadRequestError" }
              }
            }
          },
          "401": {
            "description": "No autorizado (token faltante o inválido)",
            "content": {
              "application/json": {
                "schema": { "$ref": "#/components/schemas/UnauthorizedError" }
              }
            }
          },
          "500": {
            "description": "Error interno del servidor",
            "content": {
              "application/json": {
                "schema": { "$ref": "#/components/schemas/InternalServerError" }
              }
            }
          }
        }
      }
    }
  },
  "components": {
    "securitySchemes": {
      "BearerAuth": {
        "type": "http",
        "scheme": "bearer",
        "bearerFormat": "JWT",
        "description": "Token JWT en formato 'Bearer {token}'"
      }
    },
    "schemas": {
      "Weather": {
        "type": "object",
        "required": ["temperatureC", "description"],
        "properties": {
          "temperatureC": {
            "type": "number",
            "description": "Temperatura en °C"
          },
          "description": {
            "type": "string",
            "description": "Descripción del clima"
          }
        }
      },
      "AlmacenarRequest": {
        "type": "object",
        "required": ["id", "planetName", "climate"],
        "properties": {
          "id": { "type": "string", "description": "Identificador único" },
          "planetName": {
            "type": "string",
            "description": "Nombre del planeta"
          },
          "climate": { "type": "string", "description": "Clima del planeta" },
          "population": {
            "type": "string",
            "description": "Población (opcional)"
          }
        }
      },
      "AlmacenarResponse": {
        "type": "object",
        "properties": {
          "message": {
            "type": "string",
            "example": "Planeta almacenado correctamente"
          },
          "item": { "$ref": "#/components/schemas/AlmacenarRequest" },
          "timestamp": {
            "type": "integer",
            "description": "Marca de tiempo en milisegundos"
          }
        }
      },
      "FusionadosResponse": {
        "type": "object",
        "properties": {
          "source": {
            "type": "string",
            "enum": ["cache", "live"],
            "description": "Origen de los datos"
          },
          "data": {
            "type": "object",
            "properties": {
              "planetName": { "type": "string" },
              "climate": { "type": "string" },
              "population": { "type": "string" },
              "weather": { "$ref": "#/components/schemas/Weather" },
              "timestamp": {
                "type": "integer",
                "description": "Marca de tiempo UNIX"
              }
            }
          }
        }
      },
      "HistorialResponse": {
        "type": "object",
        "properties": {
          "items": {
            "type": "array",
            "items": { "$ref": "#/components/schemas/FusionadosResponse" }
          },
          "lastKey": {
            "type": ["string", "null"],
            "description": "Cursor para la siguiente página"
          }
        }
      },
      "BadRequestError": {
        "type": "object",
        "properties": {
          "error": { "type": "string", "example": "Parámetros inválidos" }
        }
      },
      "UnauthorizedError": {
        "type": "object",
        "properties": {
          "error": {
            "type": "string",
            "example": "No autorizado (token faltante o inválido)"
          }
        }
      },
      "NotFoundError": {
        "type": "object",
        "properties": {
          "error": { "type": "string", "example": "Recurso no encontrado" }
        }
      },
      "InternalServerError": {
        "type": "object",
        "properties": {
          "error": { "type": "string", "example": "Error interno del servidor" }
        }
      }
    }
  }
}
